<?xml version="1.0" encoding="UTF-8"?>
<project-private xmlns="http://www.netbeans.org/ns/project-private/1">
    <editor-bookmarks xmlns="http://www.netbeans.org/ns/editor-bookmarks/2" lastBookmarkId="0"/>
    <open-files xmlns="http://www.netbeans.org/ns/projectui-open-files/2">
        <group>
            <file>file:/D:/Documents/Github/Java/9465_Stefano_tut4_task2/src/StefanoTut4Task2/Cylinder.java</file>
            <file>file:/D:/Documents/Github/Java/9465_Stefano_tut4_task2/src/StefanoTut4Task2/Square.java</file>
            <file>file:/D:/Documents/Github/Java/9465_Stefano_tut4_task2/src/StefanoTut4Task2/Circle.java</file>
            <file>file:/D:/Documents/Github/Java/9465_Stefano_tut4_task2/src/StefanoTut4Task2/Shape3D.java</file>
            <file>file:/D:/Documents/Github/Java/9465_Stefano_tut4_task2/src/StefanoTut4Task2/Main.java</file>
            <file>file:/D:/Documents/Github/Java/9465_Stefano_tut4_task2/src/StefanoTut4Task2/Sphere.java</file>
            <file>file:/D:/Documents/Github/Java/9465_Stefano_tut4_task2/src/StefanoTut4Task2/Shape2D.java</file>
            <file>file:/D:/Documents/Github/Java/9465_Stefano_tut4_task2/src/StefanoTut4Task2/Rectangle.java</file>
        </group>
    </open-files>
</project-private>
