<?xml version="1.0" encoding="UTF-8"?>
<project-private xmlns="http://www.netbeans.org/ns/project-private/1">
    <editor-bookmarks xmlns="http://www.netbeans.org/ns/editor-bookmarks/2" lastBookmarkId="0"/>
    <open-files xmlns="http://www.netbeans.org/ns/projectui-open-files/2">
        <group>
            <file>file:/D:/Documents/Github/Java/9465_Stefano_Pruna_Assessment1/src/StefanoPrunaAssessment1/SavingsAccount.java</file>
            <file>file:/D:/Documents/Github/Java/9465_Stefano_Pruna_Assessment1/src/StefanoPrunaAssessment1/ATM.java</file>
            <file>file:/D:/Documents/Github/Java/9465_Stefano_Pruna_Assessment1/src/StefanoPrunaAssessment1/FixedAccount.java</file>
            <file>file:/D:/Documents/Github/Java/9465_Stefano_Pruna_Assessment1/src/StefanoPrunaAssessment1/Interest.java</file>
            <file>file:/D:/Documents/Github/Java/9465_Stefano_Pruna_Assessment1/src/StefanoPrunaAssessment1/ChequeAccount.java</file>
            <file>file:/D:/Documents/Github/Java/9465_Stefano_Pruna_Assessment1/src/StefanoPrunaAssessment1/Main.java</file>
            <file>file:/D:/Documents/Github/Java/9465_Stefano_Pruna_Assessment1/src/StefanoPrunaAssessment1/NetSavingAccount.java</file>
        </group>
    </open-files>
</project-private>
